{
  "trade_summary": {
    "n_trades": 68,
    "expected_return": 0.00854818406929396,
    "avg_holding_days": 9.073529411764707,
    "success_rate": 0.45588235294117646,
    "stop_loss_rate": 0.38235294117647056,
    "timeout_rate": 0.16176470588235295,
    "end_close_rate": 0.0
  },
  "portfolio_summary": {
    "sharpe": 1.4514728700065411,
    "total_return": 0.03924810000000001,
    "annualized_return": 0.0130420378618199,
    "annualized_vol": 0.0089275219688099,
    "max_drawdown": -0.008504286584829322
  }
}